word,value
limited,6
consider,6
caused,6
global,20
results,10
month,9
manager,6
Republic,7
battle,7
Communist,11
settlement,7
centers,7
Today,9
seemed,9
increase,6
everything,8
concerned,6
father,9
young,15
Chinas,13
environment,6
Paris,13
finally,9
critical,6
Western,33
Cardoso,7
health,41
include,11
resources,11
returned,10
outside,17
regional,7
choice,7
every,26
Kauai,9
telling,6
continued,8
condition,6
governments,10
entire,8
benefits,10
beginning,13
dictatorship,9
Coulibaly,10
crops,9
cause,7
rights,20
companies,19
brother,13
leave,6
threat,11
Defense,8
progress,9
calendar,8
small,28
study,15
George,6
added,7
force,11
leaders,20
estimates,11
direct,9
Calais,8
Department,27
second,25
street,10
video,7
estimated,8
investment,12
established,7
that.,6
Latin,7
appear,7
giving,6
deeply,8
children,29
current,17
waiting,6
life.,6
capital,12
international,43
firms,6
increasing,11
public,22
movement,15
Guantnamo,7
Tuesday.,6
heavily,7
never,18
understanding,6
hours,9
reported,11
poverty,6
groups,30
address,9
alone,8
along,28
strong,15
appears,11
change,22
Theres,6
great,10
balance,7
Associated,8
Chinese,21
receive,8
involved,11
Energy,9
completely,8
reports,16
leaving,10
trial,7
recently,17
products,7
social,15
action,9
military,37
residents,26
makes,6
thats,10
Economic,6
followed,10
raise,6
Russians,11
ground,11
manage,8
private,12
highly,7
brought,8
Health,6
Brazilian,22
rosewood,14
total,10
armed,11
crisis,11
market,9
Europe,15
Sanders,9
cucumbers,8
charge,8
Central,9
Russias,23
working,18
remains,11
illegal,12
hospital,6
voters,9
visit,6
negative,6
chief,13
camera,7
Rwanda,12
Russian,35
candidates,8
stage,7
today,14
almost,19
October,10
fellow,6
continue,15
started,15
company,16
owners,7
missile,13
American,31
known,22
Clinton,10
cases,7
given,12
effort,8
women,16
organizations,13
account,9
wouldnt,7
sanctions,9
thousands,14
created,9
Pacific,8
remain,10
Showers,6
learn,6
following,10
making,25
Nevada,10
didnt,18
example,15
history,14
control,9
claim,11
months,34
Police,6
stated,7
process,25
allowed,6
share,8
1980s,8
professor,6
something,22
sense,13
sought,8
Party,7
story,13
species,7
information,15
needs,6
Putin,27
court,20
democracy,17
conversation,6
provide,19
says.,16
numerous,10
forest,20
future.,6
establishment,8
economy,28
loggers,9
plant,10
continues,8
plans,10
includes,7
waters,6
earlier,7
British,7
Garcia,6
wrong,8
produce,6
designed,6
coming,10
sentencing,7
Syria,25
nomination,9
response,6
Carlos,7
natural,14
third,13
light,7
jihadist,6
think,27
commodities,6
Middle,8
France.,8
jungle,6
allow,8
media,21
democratic,17
order,9
Islam,6
operations,6
Global,8
serving,7
office,8
Putins,6
numbers,10
developed,6
differences,7
despite,13
years,60
course,13
paper,6
including,47
looks,9
signs,7
White,9
still,43
Plano,6
position,6
police,28
presence,6
actually,14
better,17
Guatemala,6
production,9
policy,32
World,23
weeks,6
criminal,9
decades,14
fourth,10
Wildlife,6
someone,7
return,14
greater,6
similar,8
practice,7
Michael,8
school,18
indigenous,17
year.,14
resolve,7
Jordanov,9
President,22
trade,11
killed,13
presidential,13
growing,11
Supreme,23
several,21
mental,6
Panamanian,8
Indeed,10
level,17
arrested,9
identified,9
help.,6
inequality,8
stopped,6
Council,16
found,31
difficult,15
water,18
everyone,18
financial,9
Ashore,9
tents,7
series,11
energy,7
related,13
group,15
society,8
worlds,14
taxes,7
Rwandan,7
happen,6
beyond,7
insurance,6
really,17
large,21
opened,6
space,7
since,48
research,9
looking,10
time.,16
China,60
protected,8
issue,8
announced,15
shows,12
Ukraine,28
Cuban,27
state,60
University,8
million,56
According,20
reason,9
Castro,19
members,22
deputies,6
Security,23
wanted,16
business,21
revolutionary,10
training,12
logging,9
Congress,8
Wounaan,24
launch,12
September,15
National,29
transition,11
Platanares,12
times,14
thing,14
place,15
massive,9
Human,6
leading,17
nonprofit,6
fallen,7
support,29
blood,11
Brazil,48
major,10
already,31
features,6
simply,10
March,10
Oklahoma,10
powerful,10
number,33
hearing,7
clear,14
Indian,8
least,36
another,14
president,36
reached,7
awarded,6
inmate,6
little,19
North,52
Monday,6
bears,12
prostate,8
caught,9
shooting,7
system,28
approximately,6
plastic,6
anyone,7
needed,11
attack,11
rates,11
passed,7
Sandoval,10
majority,8
Kristen,6
relations,9
enforcement,7
statement,6
relationship,10
programs,8
season,8
issues,9
exactly,6
serve,7
always,14
environmental,18
Trumps,8
inmates,12
attempt,9
Democratic,21
white,7
center,15
Colorado,8
showed,9
Allah,6
likely,10
nations,6
matter,8
states,24
determined,7
toward,9
powers,11
Madeline,7
Affairs,6
fashion,6
Court,20
investors,6
remained,8
imports,6
turned,10
Jordanovs,7
medical,11
well.,6
fighting,8
sentences,10
border,9
clearly,8
vulnerable,8
dozen,7
Development,6
States,28
mostly,7
Ukrainian,9
Jewish,11
agency,7
officers,13
equipment,6
internal,8
Germany,6
Minister,8
forces,9
world.,8
al-Qaeda,6
Democrats,8
begin,10
States.,7
Another,8
though,13
sentence.,7
measures,9
salmon,35
Hawaii,6
Korea,33
eight,6
letter,11
claims,13
services,13
drought,7
demand,6
takes,11
failure,10
Kanamugire,7
industry,9
average,9
sometimes,9
traditional,11
points,7
principle,8
senior,9
Saturday,7
western,9
saying,9
particularly,17
contacted,6
Union,15
agreed,7
supported,7
vacancy,6
bring,17
soldiers,9
aggressive,8
asylum,8
Public,9
decade,14
European,14
impact,8
spokesman,6
believe,11
based,10
Senate,30
Republicans,13
behind,14
French,62
operational,6
failed,9
going,27
black,20
population,20
local,35
interested,8
exports,12
executive,6
means,13
contracts,12
domestic,12
trees,11
quickly,6
State,18
nearly,16
annexation,8
report,17
Organization,6
River,20
Soviet,20
areas,11
prime,7
reveal,9
Republican,32
Angel,6
countries,25
Syria.,6
Washington,15
violent,6
Markish,9
drone,8
experience,10
miles,11
common,14
dangerous,12
release,9
them.,14
river,9
wrote,13
Afghanistan,7
questions,10
intelligence,18
national,22
testing,8
France,23
depends,7
officials,25
result,14
Africa.,6
close,9
McPherson,12
declined,6
closer,6
served,12
federal,22
nuclear,34
century,11
currently,7
patients,6
materials,9
weapons,16
enough,9
future,13
various,7
years.,22
probably,6
Foundation,11
previous,12
conditions,9
across,16
urban,8
campaign,16
infrastructure,7
terms,9
ability,7
Johnson,12
Africas,8
attention,9
however,8
killing,7
rapid,15
opposition,23
African,20
Islands,6
hundreds,6
Thats,8
Among,6
climate,7
defense,12
candidate,6
strategy,8
Kremlin,12
country,63
taking,11
annual,18
according,38
contract,8
called,21
connection,7
became,11
planned,7
whole,9
asked,10
comes,10
nearby,6
among,32
cancer,16
point,20
Panama,23
English,7
period,17
community,35
initiative,9
there.,6
learning,6
village,6
perpetrators,6
throughout,12
considering,6
Mah-hi-vist,11
described,7
nominee,14
source,6
addition,9
create,11
MONUSCO,7
political,62
three,48
Merahs,13
growth,20
expected,9
Getty,8
entered,6
territory,12
hardly,6
Loubane,9
wants,15
lived,7
families,13
Center,10
eastern,13
offered,6
Despite,12
Nations,6
lives,9
Jungle,23
child,8
prices,10
worked,9
general,10
former,32
Secretary,8
Jazeera,15
highest,10
ahead,10
presidency,10
might,18
tribal,7
budget,7
value,10
General,10
policies,17
situation,16
voice,6
margin,6
Tuesday,16
program,35
seven,9
played,9
resident,7
Better,7
Rubio,9
governmental,6
concerns,7
claimed,7
partner,8
foreign,37
technology,15
helped,10
increased,8
different,24
missiles,6
camp.,7
doctor,6
perhaps,6
things,7
began,28
morning,7
administration,14
access,7
surveillance,6
member,14
England,7
largest,10
party,8
program.,8
relatively,8
events,10
conflict,7
higher,7
development,8
independent,11
calculation,7
lawyers,7
Institute,11
published,11
director,16
corruption,12
running,12
levels,10
cucumber,6
Crimea,7
Merah,67
nation,7
added.,6
expand,8
recent,18
lower,10
whose,17
database,7
charges,9
Syrian,7
people.,10
youre,6
spent,14
McConnell,14
without,27
thought,7
person,9
contact,7
Mohamed,7
mother,8
organization,9
model,9
Native,13
world,32
United,42
proposed,9
sentence,18
increasingly,21
money,11
hybrid,9
networks,7
Virginia,6
communities,17
Sunday,6
atomic,7
human,25
immediately,6
biologist,6
compared,6
weekly,7
adding,12
death,20
family,33
Custer,11
instance,10
thinking,9
workers,16
percent,76
seems,10
countrys,21
Connecticut,19
potential,12
parents,7
Although,11
prison,44
Justice,7
Brazils,26
around,35
emergency,6
government,70
biologists,6
showing,8
December,16
possible,16
regard,6
early,28
cultural,6
Nelson,7
Rainforest,10
judge,10
using,9
approach,8
Trump,31
country.,12
theyre,12
facing,7
individuals,8
either,6
night,15
popular,6
tribes,11
security,46
refugees,17
reform,7
sentences.,7
right,29
often,21
people,105
understand,11
Since,12
authority,6
calling,8
Commission,7
economic,59
export,8
election,14
International,13
racial,7
provided,8
primary,9
confirm,6
Moscow,18
detainees,8
recorded,6
legal,15
People,8
students,11
asking,8
Davidson,8
provides,6
denied,6
leader,9
officer,12
Islamic,17
inaccurate,6
power,30
Jeanine,7
reach,12
agreement,13
David,7
pressure,20
leadership,7
become,35
manufacturing,6
Russia,75
released,8
August,8
anything,6
getting,14
attacks,19
freedom,6
dollars,6
citizens,11
meaning,7
costs,12
community.,7
Americans,7
Committee,10
Images,10
efforts,7
block,7
raised,8
lands,10
letters,9
significant,11
facility,11
civil,15
prisoners,11
within,16
included,9
struggle,6
doesnt,14
Letcher,8
Korean,8
reducing,6
Alabama,6
significantly,7
additional,13
spending,7
housing,10
question,8
fight,13
start,8
Goodblanket,7
Every,6
editor,9
house,6
Assad,14
November,12
place.,6
Obama,51
building,7
elsewhere,6
January,13
billion,19
immigration,6
taken,18
construction,11
filed,7
Scalia,8
trying,13
borders,9
neighboring,6
especially,18
Beijing,8
fraud,8
places,11
whether,20
House,14
inside,6
official,17
Africa,25
devices,6
County,23
considered,7
samples,6
ruling,10
timber,7
problem,9
Embera,6
agree,6
regimes,8
later,19
certain,9
evidence,8
single,9
daily,7
violence,6
politics,9
education,9
regime,39
looked,7
Francisco,7
Fidel,16
personnel,7
generally,6
forests,6
Ramon,19
field,8
politicians,7
Piketon,6
Atlantic,16
America,23
income,11
department,14
Carolina,13
February,8
brothers,7
Vladimir,7
living,23
models,11
problems,20
visits,7
Wednesday,6
Shower,6
chance,10
important,14
serious,9
authorities,14
Americas,11
South,60
fiscal,7
younger,6
longer,9
calls,7
percent.,7
ranks,6
required,11
rather,10
together,11
Aegis,15
Asian,7
largely,12
rural,14
Oakland,8
others,9
